{
  "feature": {
    "type": "minecraft:random_patch",
    "config": {
      "tries": 256,
      "xz_spread": 6,
      "y_spread": 6,
      "feature": {
        "feature": "biomesoplenty_complete:coral_caves/kelp_cave",
        "placement": [
          {
            "type": "minecraft:block_predicate_filter",
            "predicate": {
              "type": "minecraft:matching_blocks",
              "blocks": "minecraft:water"
            }
          },
          {
            "type": "minecraft:block_predicate_filter",
            "predicate": {
              "type": "minecraft:would_survive",
              "state": {
                "Name": "minecraft:kelp"
              }
            }
          },
          {
            "type": "minecraft:surface_relative_threshold_filter",
            "heightmap": "OCEAN_FLOOR_WG",
            "max_inclusive": -13
          },
          {
            "type": "minecraft:block_predicate_filter",
            "predicate": {
              "type": "minecraft:not",
              "predicate": {
                "type": "minecraft:matching_blocks",
                "offset": [
                  0,
                  -1,
                  0
                ],
                "blocks": [
                  "minecraft:kelp",
                  "minecraft:kelp_plant"
                ]
              }
            }
          }
        ]
      }
    }
  },
  "placement": [
    {
      "type": "minecraft:count",
      "count": 64
    },
    {
      "type": "minecraft:in_square"
    },
    {
      "type": "minecraft:height_range",
      "height": {
        "type": "minecraft:uniform",
        "min_inclusive": {
          "above_bottom": 0
        },
        "max_inclusive": {
          "below_top": 0
        }
      }
    },
    {
      "type": "minecraft:surface_relative_threshold_filter",
      "heightmap": "OCEAN_FLOOR_WG",
      "max_inclusive": -13
    }
  ]
}
