{
	"sea_level": 33,
	"disable_mob_generation": false,
	"aquifers_enabled": false,
	"ore_veins_enabled": false,
	"legacy_random_source": false,
	"default_block": {
		"Name": "minecraft:deepslate",
		"Properties": {
			"axis": "y"
		}
	},
	"default_fluid": {
		"Name": "minecraft:water",
		"Properties": {
			"level": "0"
		}
	},
	"noise": {
		"min_y": 0,
		"height": 320,
		"size_horizontal": 1,
		"size_vertical": 2
	},
	"noise_router": {
		"barrier": 0,
		"fluid_level_floodedness": 0,
		"fluid_level_spread": 0,
		"lava": 0,
		"temperature": {
			"type": "minecraft:shifted_noise",
			"noise": "minecraft:temperature",
			"xz_scale": 0.25,
			"y_scale": 0,
			"shift_x": "minecraft:shift_x",
			"shift_y": 0,
			"shift_z": "minecraft:shift_z"
		},
		"vegetation": {
			"type": "minecraft:shifted_noise",
			"noise": "minecraft:vegetation",
			"xz_scale": 0.25,
			"y_scale": 0,
			"shift_x": "minecraft:shift_x",
			"shift_y": 0,
			"shift_z": "minecraft:shift_z"
		},
		"continents": "minecraft:overworld/continents",
		"erosion": "minecraft:overworld/erosion",
		"depth": "cavernous:depth",
		"ridges": 0,
		"initial_density_without_jaggedness": 0,
		"final_density": "cavernous:myst",
		"vein_toggle": 0,
		"vein_ridged": 0,
		"vein_gap": 0
	},
	"spawn_target": [],
	"surface_rule": {
		"type": "minecraft:sequence",
		"sequence": [
			{
				"type": "minecraft:condition",
				"if_true": {
					"type": "minecraft:vertical_gradient",
					"random_name": "minecraft:bedrock_floor",
					"true_at_and_below": {
						"above_bottom": 0
					},
					"false_at_and_above": {
						"above_bottom": 5
					}
				},
				"then_run": {
					"type": "minecraft:block",
					"result_state": {
						"Name": "minecraft:bedrock"
					}
				}
			},
			{
				"type": "minecraft:condition",
				"if_true": {
					"type": "minecraft:not",
					"invert": {
						"type": "minecraft:vertical_gradient",
						"random_name": "minecraft:bedrock_roof",
						"true_at_and_below": {
							"below_top": 5
						},
						"false_at_and_above": {
							"below_top": 0
						}
					}
				},
				"then_run": {
					"type": "minecraft:block",
					"result_state": {
						"Name": "minecraft:bedrock"
					}
				}
			},
			{
				"type": "minecraft:sequence",
				"sequence": [
					{
						"type": "minecraft:condition",
						"if_true": {
							"type": "minecraft:biome",
							"biome_is": [
								"cavernous:myst/vilegorge"
							]
						},
						"then_run": {
							"type": "minecraft:sequence",
							"sequence": [
								{
									"type": "minecraft:condition",
									"if_true": {
										"type": "minecraft:stone_depth",
										"offset": 0,
										"surface_type": "floor",
										"add_surface_depth": true,
										"secondary_depth_range": 0
									},
									"then_run": {
										"type": "minecraft:sequence",
										"sequence": [
											{
												"type": "minecraft:condition",
												"if_true": {
													"type": "minecraft:noise_threshold",
													"noise": "cavernous:surface/gorge",
													"min_threshold": -0.1,
													"max_threshold": 0.1
												},
												"then_run": {
													"type": "minecraft:block",
													"result_state": {
														"Name": "minecraft:magma_block"
													}
												}
											},
											{
												"type": "minecraft:condition",
												"if_true": {
													"type": "minecraft:noise_threshold",
													"noise": "cavernous:surface/gorge",
													"min_threshold": -0.23,
													"max_threshold": 0.23
												},
												"then_run": {
													"type": "minecraft:block",
													"result_state": {
														"Name": "minecraft:basalt",
														"Properties": {
															"axis": "y"
														}
													}
												}
											},
											{
												"type": "minecraft:condition",
												"if_true": {
													"type": "minecraft:noise_threshold",
													"noise": "cavernous:surface/gorge",
													"min_threshold": -0.34,
													"max_threshold": 0.34
												},
												"then_run": {
													"type": "minecraft:block",
													"result_state": {
														"Name": "minecraft:soul_sand"
													}
												}
											},
											{
												"type": "minecraft:block",
												"result_state": {
													"Name": "minecraft:soul_soil"
												}
											}
										]
									}
								},
								{
									"type": "minecraft:block",
									"result_state": {
										"Name": "minecraft:basalt",
										"Properties": {
											"axis": "y"
										}
									}
								}
							]
						}
					},
					{
						"type": "minecraft:condition",
						"if_true": {
							"type": "minecraft:biome",
							"biome_is": [
								"cavernous:myst/noxwoods"
							]
						},
						"then_run": {
							"type": "minecraft:sequence",
							"sequence": [
								{
									"type": "minecraft:condition",
									"if_true": {
										"type": "minecraft:noise_threshold",
										"noise": "cavernous:surface/stripey",
										"min_threshold": -0.16,
										"max_threshold": 0.1
									},
									"then_run": {
										"type": "minecraft:condition",
										"if_true": {
											"type": "minecraft:stone_depth",
											"offset": 0,
											"surface_type": "floor",
											"add_surface_depth": true,
											"secondary_depth_range": 1
										},
										"then_run": {
											"type": "minecraft:block",
											"result_state": {
												"Name": "minecraft:lime_terracotta"
											}
										}
									}
								},
								{
									"type": "minecraft:condition",
									"if_true": {
										"type": "minecraft:noise_threshold",
										"noise": "cavernous:surface/stripey",
										"min_threshold": -0.21,
										"max_threshold": 0.15
									},
									"then_run": {
										"type": "minecraft:condition",
										"if_true": {
											"type": "minecraft:stone_depth",
											"offset": 0,
											"surface_type": "floor",
											"add_surface_depth": true,
											"secondary_depth_range": 0
										},
										"then_run": {
											"type": "minecraft:block",
											"result_state": {
												"Name": "minecraft:green_terracotta"
											}
										}
									}
								},
								{
									"type": "minecraft:condition",
									"if_true": {
										"type": "minecraft:noise_threshold",
										"noise": "cavernous:surface/stripey",
										"min_threshold": -0.29,
										"max_threshold": 0.25
									},
									"then_run": {
										"type": "minecraft:condition",
										"if_true": {
											"type": "minecraft:stone_depth",
											"offset": 0,
											"surface_type": "floor",
											"add_surface_depth": true,
											"secondary_depth_range": 0
										},
										"then_run": {
											"type": "minecraft:block",
											"result_state": {
												"Name": "minecraft:mud"
											}
										}
									}
								},
								{
									"type": "minecraft:sequence",
									"sequence": [
										{
											"type": "minecraft:condition",
											"if_true": {
												"type": "minecraft:noise_threshold",
												"noise": "cavernous:surface/splotchy",
												"min_threshold": -0.65,
												"max_threshold": -0.45
											},
											"then_run": {
												"type": "minecraft:block",
												"result_state": {
													"Name": "minecraft:yellow_terracotta"
												}
											}
										},
										{
											"type": "minecraft:condition",
											"if_true": {
												"type": "minecraft:noise_threshold",
												"noise": "cavernous:surface/splotchy",
												"min_threshold": 0.45,
												"max_threshold": 0.65
											},
											"then_run": {
												"type": "minecraft:block",
												"result_state": {
													"Name": "minecraft:yellow_terracotta"
												}
											}
										}
									]
								},
								{
									"type": "minecraft:sequence",
									"sequence": [
										{
											"type": "minecraft:condition",
											"if_true": {
												"type": "minecraft:stone_depth",
												"offset": 0,
												"surface_type": "floor",
												"add_surface_depth": true,
												"secondary_depth_range": -2
											},
											"then_run": {
												"type": "minecraft:block",
												"result_state": {
													"Name": "minecraft:mud"
												}
											}
										},
										{
											"type": "minecraft:condition",
											"if_true": {
												"type": "minecraft:stone_depth",
												"offset": 0,
												"surface_type": "floor",
												"add_surface_depth": true,
												"secondary_depth_range": 0
											},
											"then_run": {
												"type": "minecraft:block",
												"result_state": {
													"Name": "minecraft:green_terracotta"
												}
											}
										}
									]
								},
								{
									"type": "minecraft:block",
									"result_state": {
										"Name": "minecraft:lime_terracotta"
									}
								}
							]
						}
					},
					{
						"type": "minecraft:condition",
						"if_true": {
							"type": "minecraft:biome",
							"biome_is": [
								"cavernous:myst/dreadmire",
								"cavernous:myst/dreadmire_"
							]
						},
						"then_run": {
							"type": "minecraft:sequence",
							"sequence": [
								{
									"type": "minecraft:condition",
									"if_true": {
										"type": "minecraft:noise_threshold",
										"noise": "cavernous:surface/veins",
										"min_threshold": -0.22,
										"max_threshold": 0.22
									},
									"then_run": {
										"type": "minecraft:sequence",
										"sequence": [
											{
												"type": "minecraft:condition",
												"if_true": {
													"type": "minecraft:stone_depth",
													"offset": 0,
													"surface_type": "floor",
													"add_surface_depth": false,
													"secondary_depth_range": 1
												},
												"then_run": {
													"type": "minecraft:block",
													"result_state": {
														"Name": "minecraft:crimson_hyphae",
														"Properties": {
															"axis": "y"
														}
													}
												}
											},
											{
												"type": "minecraft:condition",
												"if_true": {
													"type": "minecraft:stone_depth",
													"offset": 0,
													"surface_type": "ceiling",
													"add_surface_depth": false,
													"secondary_depth_range": 1
												},
												"then_run": {
													"type": "minecraft:block",
													"result_state": {
														"Name": "minecraft:crimson_hyphae",
														"Properties": {
															"axis": "y"
														}
													}
												}
											}
										]
									}
								},
								{
									"type": "minecraft:condition",
									"if_true": {
										"type": "minecraft:not",
										"invert": {
											"type": "minecraft:water",
											"offset": 0,
											"surface_depth_multiplier": 0,
											"add_stone_depth": false
										}
									},
									"then_run": {
										"type": "minecraft:condition",
										"if_true": {
											"type": "minecraft:stone_depth",
											"offset": 0,
											"surface_type": "floor",
											"add_surface_depth": true,
											"secondary_depth_range": 0
										},
										"then_run": {
											"type": "minecraft:block",
											"result_state": {
												"Name": "minecraft:soul_soil"
											}
										}
									}
								},
								{
									"type": "minecraft:condition",
									"if_true": {
										"type": "minecraft:stone_depth",
										"offset": 0,
										"surface_type": "floor",
										"add_surface_depth": false,
										"secondary_depth_range": 1
									},
									"then_run": {
										"type": "minecraft:sequence",
										"sequence": [
											{
												"type": "minecraft:condition",
												"if_true": {
													"type": "minecraft:noise_threshold",
													"noise": "cavernous:surface/blemishes",
													"min_threshold": -0.27,
													"max_threshold": 0.27
												},
												"then_run": {
													"type": "minecraft:block",
													"result_state": {
														"Name": "minecraft:nether_wart_block"
													}
												}
											},
											{
												"type": "minecraft:condition",
												"if_true": {
													"type": "minecraft:noise_threshold",
													"noise": "cavernous:surface/blemishes",
													"min_threshold": -0.35,
													"max_threshold": 0.35
												},
												"then_run": {
													"type": "minecraft:block",
													"result_state": {
														"Name": "minecraft:soul_soil"
													}
												}
											}
										]
									}
								},
								{
									"type": "minecraft:condition",
									"if_true": {
										"type": "minecraft:stone_depth",
										"offset": 0,
										"surface_type": "ceiling",
										"add_surface_depth": false,
										"secondary_depth_range": 1
									},
									"then_run": {
										"type": "minecraft:sequence",
										"sequence": [
											{
												"type": "minecraft:condition",
												"if_true": {
													"type": "minecraft:noise_threshold",
													"noise": "cavernous:surface/blemishes",
													"min_threshold": -0.27,
													"max_threshold": 0.27
												},
												"then_run": {
													"type": "minecraft:block",
													"result_state": {
														"Name": "minecraft:nether_wart_block"
													}
												}
											},
											{
												"type": "minecraft:condition",
												"if_true": {
													"type": "minecraft:noise_threshold",
													"noise": "cavernous:surface/blemishes",
													"min_threshold": -0.35,
													"max_threshold": 0.35
												},
												"then_run": {
													"type": "minecraft:block",
													"result_state": {
														"Name": "minecraft:soul_soil"
													}
												}
											}
										]
									}
								},
								{
									"type": "minecraft:condition",
									"if_true": {
										"type": "minecraft:stone_depth",
										"offset": 0,
										"surface_type": "floor",
										"add_surface_depth": true,
										"secondary_depth_range": 1
									},
									"then_run": {
										"type": "minecraft:block",
										"result_state": {
											"Name": "minecraft:mud"
										}
									}
								},
								{
									"type": "minecraft:block",
									"result_state": {
										"Name": "minecraft:smooth_basalt"
									}
								}
							]
						}
					},
					{
						"type": "minecraft:condition",
						"if_true": {
							"type": "minecraft:biome",
							"biome_is": [
								"cavernous:myst/stillmarsh"
							]
						},
						"then_run": {
							"type": "minecraft:sequence",
							"sequence": [
								{
									"type": "minecraft:condition",
									"if_true": {
										"type": "minecraft:stone_depth",
										"offset": 0,
										"surface_type": "floor",
										"add_surface_depth": false,
										"secondary_depth_range": 1
									},
									"then_run": {
										"type": "minecraft:block",
										"result_state": {
											"Name": "minecraft:mushroom_stem",
											"Properties": {
												"down": "true",
												"east": "true",
												"north": "true",
												"south": "true",
												"up": "true",
												"west": "true"
											}
										}
									}
								},
								{
									"type": "minecraft:condition",
									"if_true": {
										"type": "minecraft:stone_depth",
										"offset": 3,
										"surface_type": "floor",
										"add_surface_depth": true,
										"secondary_depth_range": 0
									},
									"then_run": {
										"type": "minecraft:block",
										"result_state": {
											"Name": "minecraft:calcite"
										}
									}
								},
								{
									"type": "minecraft:block",
									"result_state": {
										"Name": "minecraft:dead_tube_coral_block"
									}
								}
							]
						}
					}
				]
			}
		]
	}
}
