{
	"type": "minecraft:cave",
	"config": {
		"probability": 0.0,
		"y": {
			"type": "minecraft:uniform",
			"min_inclusive": {
				"above_bottom": 8
			},
			"max_inclusive": {
				"absolute": 180
			}
		},
		"yScale": {
			"type": "minecraft:uniform",
			"value": {
				"min_inclusive": 0.38,
				"max_exclusive": 0.5
			}
		},
		"lava_level": {
			"above_bottom": 8
		},
		"replaceable": "#minecraft:overworld_carver_replaceables",
		"horizontal_radius_multiplier": {
			"type": "minecraft:uniform",
			"value": {
				"min_inclusive": 1.8,
				"max_exclusive": 2.5
			}
		},
		"vertical_radius_multiplier": {
			"type": "minecraft:uniform",
			"value": {
				"min_inclusive": 0.55,
				"max_exclusive": 0.8
			}
		},
		"floor_level": {
			"type": "minecraft:uniform",
			"value": {
				"min_inclusive": -1,
				"max_exclusive": -0.4
			}
		}
	}
}
