{
	"type": "minecraft:canyon",
	"config": {
		"probability": 0.005,
		"y": {
			"type": "minecraft:uniform",
			"min_inclusive": {
				"absolute": -45
			},
			"max_inclusive": {
				"absolute": 32
			}
		},
		"yScale": {
			"type": "minecraft:uniform",
			"value": {
				"min_inclusive": 1.5,
				"max_exclusive": 2.8
			}
		},
		"lava_level": {
			"above_bottom": 8
		},
		"replaceable": "#minecraft:overworld_carver_replaceables",
		"vertical_rotation": {
			"type": "minecraft:uniform",
			"value": {
				"min_inclusive": -0.4,
				"max_exclusive": 0.4
			}
		},
		"shape": {
			"distance_factor": {
				"type": "minecraft:uniform",
				"value": {
					"min_inclusive": 1.8,
					"max_exclusive": 2.3
				}
			},
			"thickness": {
				"type": "minecraft:trapezoid",
				"value": {
					"min": 0,
					"max": 6,
					"plateau": 2
				}
			},
			"width_smoothness": 3,
			"horizontal_radius_factor": {
				"type": "minecraft:uniform",
				"value": {
					"min_inclusive": 0.75,
					"max_exclusive": 1
				}
			},
			"vertical_radius_default_factor": 1,
			"vertical_radius_center_factor": 0
		}
	}
}
