{
	"type": "minecraft:tree",
	"config": {
		"ignore_vines": true,
		"force_dirt": false,
		"minimum_size": {
			"type": "minecraft:two_layers_feature_size",
			"limit": 0,
			"lower_size": 0,
			"upper_size": 0
		},
		"dirt_provider": {
			"type": "minecraft:simple_state_provider",
			"state": {
				"Name": "minecraft:sand"
			}
		},
		"trunk_provider": {
			"type": "minecraft:simple_state_provider",
			"state": {
				"Name": "minecraft:bamboo_block",
				"Properties": {
					"axis": "y"
				}
			}
		},
		"foliage_provider": {
			"type": "minecraft:simple_state_provider",
			"state": {
				"Name": "minecraft:air"
			}
		},
		"trunk_placer": {
			"type": "minecraft:cherry_trunk_placer",
     	 	"base_height": 9,
      		"branch_count": {
        	"type": "minecraft:weighted_list",
        	"distribution": [
       	   		{
       	    	 	"data": 3,
    	    	    "weight": 1
          		}
        	]
      		},
      	"branch_end_offset_from_top": {
        	"type": "minecraft:uniform",
        	"value": {
          	"max_inclusive": -1,
          	"min_inclusive": -4
        	}
      		},
      	"branch_horizontal_length": 2,
      		"branch_start_offset_from_top": {
        		"max_inclusive": -5,
        		"min_inclusive": -7
      		},
      		"height_rand_a": 2,
      		"height_rand_b": 0
		},
		"foliage_placer": {
			"type": "minecraft:random_spread_foliage_placer",
			"radius": 1,
			"offset": 0,
			"foliage_height": 1,
			"leaf_placement_attempts": 256
		},
		"decorators": []
	}
}
