{
	"type": "minecraft:tree",
	"config": {
		"ignore_vines": true,
		"force_dirt": false,
		"minimum_size": {
			"type": "minecraft:two_layers_feature_size"
		},
		"dirt_provider": {
			"type": "minecraft:simple_state_provider",
			"state": {
				"Name": "minecraft:terracotta"
			}
		},
		"trunk_provider": {
			"type": "minecraft:simple_state_provider",
			"state": {
				"Name": "minecraft:terracotta"
			}
		},
		"foliage_provider": {
			"type": "minecraft:simple_state_provider",
			"state": {
				"Name": "minecraft:red_sandstone"
			}
		},
		"trunk_placer": {
			"type": "minecraft:giant_trunk_placer",
			"base_height": 2,
			"height_rand_a": 4,
			"height_rand_b": 0
		},
		"foliage_placer": {
			"type": "minecraft:fancy_foliage_placer",
			"radius": 1,
			"offset": 0,
			"height": 1
		},
		"decorators": [
			{
				"type": "minecraft:attached_to_leaves",
				"probability": 1,
				"exclusion_radius_xz": 0,
				"exclusion_radius_y": 0,
				"required_empty_blocks": 1,
				"block_provider": {
					"type": "minecraft:simple_state_provider",
					"state": {
						"Name": "minecraft:sand"
					}
				},
				"directions": [
					"up"
				]
			},
			{
				"type": "minecraft:alter_ground",
				"provider": {
					"type": "minecraft:simple_state_provider",
					"state": {
						"Name": "minecraft:terracotta"
					}
				}
			}
		]
	}
}
