{
	"type": "minecraft:tree",
	"config": {
		"ignore_vines": true,
		"force_dirt": false,
		"minimum_size": {
			"type": "minecraft:two_layers_feature_size"
		},
		"dirt_provider": {
			"type": "minecraft:simple_state_provider",
			"state": {
				"Name": "minecraft:nether_wart_block"
			}
		},
		"trunk_provider": {
			"type": "minecraft:simple_state_provider",
			"state": {
				"Name": "minecraft:brain_coral_block"
			}
		},
		"foliage_provider": {
			"type": "minecraft:simple_state_provider",
			"state": {
				"Name": "minecraft:brain_coral_block"
			}
		},
		"trunk_placer": {
			"type": "minecraft:forking_trunk_placer",
			"base_height": 2,
			"height_rand_a": 2,
			"height_rand_b": 1
		},
		"foliage_placer": {
			"type": "minecraft:random_spread_foliage_placer",
			"radius": 2,
			"offset": 0,
			"foliage_height": 2,
			"leaf_placement_attempts": 255
		},
		"decorators": [
			{
				"type": "minecraft:attached_to_leaves",
				"probability": 0.5,
				"exclusion_radius_xz": 1,
				"exclusion_radius_y": 1,
				"required_empty_blocks": 1,
				"block_provider": {
					"type": "minecraft:simple_state_provider",
					"state": {
						"Name": "minecraft:brain_coral",
						"Properties": {
							"waterlogged": "true"
						}
					}
				},
				"directions": [
					"up"
				]
			},
			{
				"type": "minecraft:attached_to_leaves",
				"probability": 0.5,
				"exclusion_radius_xz": 1,
				"exclusion_radius_y": 1,
				"required_empty_blocks": 1,
				"block_provider": {
					"type": "minecraft:simple_state_provider",
					"state": {
						"Name": "minecraft:brain_coral_fan",
						"Properties": {
							"waterlogged": "true"
						}
					}
				},
				"directions": [
					"north",
					"east",
					"south",
					"west"
				]
			}
		]
	}
}
