{
	"type": "minecraft:tree",
	"config": {
		"ignore_vines": true,
		"force_dirt": false,
		"minimum_size": {
			"type": "minecraft:two_layers_feature_size"
		},
		"dirt_provider": {
			"type": "minecraft:simple_state_provider",
			"state": {
				"Name": "minecraft:nether_wart_block"
			}
		},
		"trunk_provider": {
			"type": "minecraft:simple_state_provider",
			"state": {
				"Name": "minecraft:birch_wood",
				"Properties": {
					"axis": "y"
				}
			}
		},
		"foliage_provider": {
			"type": "minecraft:simple_state_provider",
			"state": {
				"Name": "minecraft:mangrove_leaves",
				"Properties": {
					"distance": "7",
					"persistent": "false",
					"waterlogged": "false"
				}
			}
		},
		"root_placer": {
			"type": "minecraft:mangrove_root_placer",
			"root_provider": {
				"type": "minecraft:simple_state_provider",
				"state": {
					"Name": "minecraft:crimson_hyphae",
					"Properties": {
						"axis": "y"
					}
				}
			},
			"trunk_offset_y": {
				"type": "minecraft:uniform",
				"value": {
					"min_inclusive": 2,
					"max_inclusive": 5
				}
			},
			"mangrove_root_placement": {
				"max_root_width": 8,
				"max_root_length": 25,
				"random_skew_chance": 0.2,
				"can_grow_through": [
					"minecraft:air",
					"minecraft:water"
				],
				"muddy_roots_in": [
					"minecraft:mud",
					"minecraft:crimson_hyphae",
					"minecraft:nether_wart_block",
					"minecraft:soul_soil"
				],
				"muddy_roots_provider": {
					"type": "minecraft:simple_state_provider",
					"state": {
						"Name": "minecraft:crimson_hyphae",
						"Properties": {
							"axis": "y"
						}
					}
				}
			}
		},
		"trunk_placer": {
			"type": "minecraft:straight_trunk_placer",
			"base_height": 3,
			"height_rand_a": 1,
			"height_rand_b": 5
		},
		"foliage_placer": {
			"type": "minecraft:jungle_foliage_placer",
			"radius": {
				"type": "minecraft:uniform",
				"value": {
					"min_inclusive": 1,
					"max_inclusive": 2
				}
			},
			"offset": 0,
			"height": 2
		},
		"decorators": [
			{
				"type": "minecraft:trunk_vine"
			},
			{
				"type": "minecraft:leave_vine",
				"probability": 0.25
			}
		]
	}
}
