{
	"type": "minecraft:tree",
	"config": {
		"ignore_vines": true,
		"force_dirt": false,
		"minimum_size": {
			"type": "minecraft:two_layers_feature_size"
		},
		"dirt_provider": {
			"type": "minecraft:simple_state_provider",
			"state": {
				"Name": "minecraft:nether_wart_block"
			}
		},
		"trunk_provider": {
			"type": "minecraft:simple_state_provider",
			"state": {
				"Name": "minecraft:nether_wart_block",
				"Properties": {
					"axis": "y"
				}
			}
		},
		"foliage_provider": {
			"type": "minecraft:weighted_state_provider",
			"entries": [
				{
					"weight": 14,
					"data": {
						"Name": "minecraft:nether_wart_block"
					}
				},
				{
					"weight": 1,
					"data": {
						"Name": "minecraft:shroomlight"
					}
				},
				{
					"weight": 2,
					"data": {
						"Name": "minecraft:air"
					}
				}
			]
		},
		"trunk_placer": {
			"type": "minecraft:straight_trunk_placer",
			"base_height": 1,
			"height_rand_a": 0,
			"height_rand_b": 0
		},
		"foliage_placer": {
			"type": "minecraft:cherry_foliage_placer",
			"radius": 2,
			"offset": 0,
			"height": 16,
			"wide_bottom_layer_hole_chance": 0,
			"corner_hole_chance": 0.75,
			"hanging_leaves_chance": 0,
			"hanging_leaves_extension_chance": 0
		},
		"decorators": [
			{
				"type": "minecraft:attached_to_leaves",
				"probability": 0.8,
				"exclusion_radius_xz": 1,
				"exclusion_radius_y": 1,
				"required_empty_blocks": 1,
				"block_provider": {
					"type": "minecraft:simple_state_provider",
					"state": {
						"Name": "minecraft:nether_wart_block"
					}
				},
				"directions": [
					"down",
					"up"
				]
			},
			{
				"type": "minecraft:attached_to_leaves",
				"probability": 0.01,
				"exclusion_radius_xz": 1,
				"exclusion_radius_y": 1,
				"required_empty_blocks": 1,
				"block_provider": {
					"type": "minecraft:simple_state_provider",
					"state": {
						"Name": "minecraft:shroomlight"
					}
				},
				"directions": [
					"down",
					"up",
					"north",
					"east",
					"south",
					"west"
				]
			}
		]
	}
}
