{
	"type": "minecraft:geode",
	"config": {
		"blocks": {
			"filling_provider": {
				"type": "minecraft:simple_state_provider",
				"state": {
					"Name": "minecraft:air"
				}
			},
			"inner_layer_provider": {
				"type": "minecraft:simple_state_provider",
				"state": {
					"Name": "minecraft:honey_block"
				}
			},
			"alternate_inner_layer_provider": {
				"type": "minecraft:simple_state_provider",
				"state": {
					"Name": "minecraft:honey_block"
				}
			},
			"middle_layer_provider": {
				"type": "minecraft:simple_state_provider",
				"state": {
					"Name": "minecraft:nether_wart_block"
				}
			},
			"outer_layer_provider": {
				"type": "minecraft:simple_state_provider",
				"state": {
					"Name": "minecraft:nether_wart_block"
				}
			},
			"inner_placements": [
				{
					"Name": "minecraft:air"
				}
			],
			"cannot_replace": "#minecraft:features_cannot_replace",
			"invalid_blocks": "#minecraft:features_cannot_replace"
		},
		"layers": {
			"filling": 1.8,
			"inner_layer": 2.2,
			"middle_layer": 3.2,
			"outer_layer": 4.2
		},
		"crack": {
			"generate_crack_chance": 0.5,
			"base_crack_size": 0.3,
			"crack_point_offset": 2
		},
		"noise_multiplier": 0.05,
		"use_potential_placements_chance": 0,
		"use_alternate_layer0_chance": 0,
		"placements_require_layer0_alternate": false,
		"outer_wall_distance": {
			"type": "minecraft:uniform",
			"value": {
				"min_inclusive": 5,
				"max_inclusive": 7
			}
		},
		"distribution_points": {
			"type": "minecraft:uniform",
			"value": {
				"min_inclusive": 1,
				"max_inclusive": 2
			}
		},
		"point_offset": {
			"type": "minecraft:uniform",
			"value": {
				"min_inclusive": 1,
				"max_inclusive": 2
			}
		},
		"min_gen_offset": -16,
		"max_gen_offset": 16,
		"invalid_blocks_threshold": 1
	}
}
