{
	"type": "minecraft:tree",
	"config": {
		"ignore_vines": true,
		"force_dirt": false,
		"minimum_size": {
			"type": "minecraft:two_layers_feature_size"
		},
		"dirt_provider": {
			"type": "minecraft:simple_state_provider",
			"state": {
				"Name": "minecraft:nether_wart_block"
			}
		},
		"trunk_provider": {
			"type": "minecraft:simple_state_provider",
			"state": {
				"Name": "minecraft:crimson_hyphae",
				"Properties": {
					"axis": "y"
				}
			}
		},
		"foliage_provider": {
			"type": "minecraft:simple_state_provider",
			"state": {
				"Name": "minecraft:acacia_leaves",
				"Properties": {
					"distance": "7",
					"persistent": "false",
					"waterlogged": "false"
				}
			}
		},
		"trunk_placer": {
			"type": "minecraft:cherry_trunk_placer",
			"base_height": 20,
			"height_rand_a": 15,
			"height_rand_b": 2,
			"branch_count": 3,
			"branch_horizontal_length": {
				"type": "minecraft:uniform",
				"value": {
					"min_inclusive": 2,
					"max_inclusive": 3
				}
			},
			"branch_start_offset_from_top": {
				"min_inclusive": -1,
				"max_inclusive": 0
			},
			"branch_end_offset_from_top": {
				"type": "minecraft:uniform",
				"value": {
					"min_inclusive": 2,
					"max_inclusive": 3
				}
			}
		},
		"foliage_placer": {
			"type": "minecraft:acacia_foliage_placer",
			"radius": {
				"type": "minecraft:uniform",
				"value": {
					"min_inclusive": 3,
					"max_inclusive": 4
				}
			},
			"offset": 0
		},
		"decorators": [
			{
				"type": "minecraft:trunk_vine"
			},
			{
				"type": "minecraft:leave_vine",
				"probability": 0.25
			}
		]
	}
}
