{
  "feature": "minecraft:forest_flowers",
  "placement": [
    {
      "type": "minecraft:rarity_filter",
      "chance": 7
    },
    {
      "type": "minecraft:count_on_every_layer",
      "count": 1
    },
    {
      "type": "minecraft:count",
      "count": {
        "type": "minecraft:clamped",
        "value": {
          "max_inclusive": 1,
          "min_inclusive": 0,
          "source": {
            "type": "minecraft:uniform",
            "value": {
              "max_inclusive": 1,
              "min_inclusive": -3
            }
          }
        }
      }
    },
    {
      "type": "minecraft:biome"
    }
  ]
}