{
  "feature": "better_cave_worlds:kelp",
  "placement": [
    {
      "type": "minecraft:noise_based_count",
      "noise_to_count_ratio": 80,
      "noise_factor": 80,
      "noise_offset": 0
    },
    {
      "type": "minecraft:in_square"
    },
    {
      "type": "minecraft:height_range",
      "height": {
        "type": "minecraft:uniform",
        "min_inclusive": {
          "absolute": -8
        },
        "max_inclusive": {
          "absolute": 62
        }
      }
    },
    {
      "type": "minecraft:environment_scan",
      "direction_of_search": "down",
      "max_steps": 12,
      "target_condition": {
        "type": "minecraft:has_sturdy_face",
        "offset": [0, -1, 0],
        "direction": "up"
      },
      "allowed_search_condition": {
        "type": "minecraft:matching_blocks",
        "blocks": "minecraft:water"
      }
    },
    {
      "type": "minecraft:biome"
    }
  ]
}
