{
  "feature": "better_cave_worlds:seagrass_block",
  "placement": [
    {
      "type": "minecraft:rarity_filter",
      "chance": 10
    },
    {
      "type": "minecraft:in_square"
    },
    {
      "type": "minecraft:height_range",
      "height": {
        "type": "minecraft:uniform",
        "min_inclusive": {
          "above_bottom": -8
        },
        "max_inclusive": {
          "absolute": 62
        }
      }
    },
    {
      "type": "minecraft:environment_scan",
      "direction_of_search": "down",
      "max_steps": 6,
      "target_condition": {
        "type": "minecraft:has_sturdy_face",
        "offset": [0, -1, 0],
        "direction": "up"
      },
      "allowed_search_condition": {
        "type": "minecraft:matching_blocks",
        "blocks": "minecraft:water"
      }
    },
    {
      "type": "minecraft:biome"
    }
  ]
}
