{
  "feature": {
    "type": "minecraft:random_selector",
    "config": {
      "features": [
        {
          "chance": 0.5,
          "feature": {
            "feature": "biomesoplenty_complete:soul_canyons/bone",
            "placement": []
          }
        }
      ],
      "default": {
        "feature": "biomesoplenty_complete:soul_canyons/big_nether_wart",
        "placement": []
      }
    }
  },
  "placement": [
    {
      "type": "minecraft:carving_mask",
      "step": "air"
    },
    {
      "type": "minecraft:rarity_filter",
      "chance": 16
    },
    {
      "type": "minecraft:block_predicate_filter",
      "predicate": {
        "type": "minecraft:matching_blocks",
        "offset": [
          0,
          -1,
          0
        ],
        "blocks": [
          "minecraft:netherrack",
          "minecraft:soul_sand"
        ]
      }
    },
    {
      "type": "minecraft:block_predicate_filter",
      "predicate": {
        "type": "minecraft:matching_blocks",
        "offset": [
          0,
          5,
          0
        ],
        "blocks": "minecraft:cave_air"
      }
    }
  ]
}
