{
  "feature": {
    "type": "minecraft:block_column",
    "config": {
      "direction": "down",
      "allowed_placement": {
        "type": "minecraft:matching_blocks",
        "blocks": [
          "minecraft:netherrack",
          "minecraft:soul_sand",
          "minecraft:soul_soil"
        ]
      },
      "prioritize_tip": false,
      "layers": [
        {
          "height": 1,
          "provider": {
            "type": "minecraft:simple_state_provider",
            "state": {
              "Name": "minecraft:soul_sand"
            }
          }
        },
        {
          "height": {
            "type": "minecraft:uniform",
            "value": {
              "min_inclusive": 2,
              "max_inclusive": 4
            }
          },
          "provider": {
            "type": "minecraft:simple_state_provider",
            "state": {
              "Name": "minecraft:soul_soil"
            }
          }
        }
      ]
    }
  },
  "placement": [
    {
      "type": "minecraft:carving_mask",
      "step": "air"
    },
    {
      "type": "minecraft:block_predicate_filter",
      "predicate": {
        "type": "minecraft:matching_blocks",
        "blocks": [
          "minecraft:cave_air",
          "minecraft:lava"
        ]
      }
    },
    {
      "type": "minecraft:random_offset",
      "xz_spread": 0,
      "y_spread": -1
    },
    {
      "type": "minecraft:block_predicate_filter",
      "predicate": {
        "type": "minecraft:matching_blocks",
        "blocks": "minecraft:netherrack"
      }
    }
  ]
}
