{
  "feature": {
    "type": "minecraft:multiface_growth",
    "config": {
      "block": "minecraft:glow_lichen",
      "search_range": 20,
      "chance_of_spreading": 1,
      "can_place_on_ceiling": true,
      "can_place_on_wall": false,
      "can_be_placed_on": "minecraft:spruce_leaves"
    }
  },
  "placement": [
    {
      "type": "minecraft:count",
      "count": 100
    },
    {
      "type": "minecraft:in_square"
    },
    {
      "type": "minecraft:height_range",
      "height": {
        "type": "minecraft:uniform",
        "min_inclusive": {
          "above_bottom": 0
        },
        "max_inclusive": {
          "below_top": 0
        }
      }
    },
    {
      "type": "minecraft:surface_relative_threshold_filter",
      "heightmap": "OCEAN_FLOOR_WG",
      "max_inclusive": -13
    },
    {
      "type": "minecraft:environment_scan",
      "direction_of_search": "down",
      "max_steps": 32,
      "target_condition": {
        "type": "minecraft:all_of",
        "predicates": [
          {
            "type": "minecraft:matching_blocks",
            "offset": [
              0,
              1,
              0
            ],
            "blocks": "minecraft:spruce_leaves"
          },
          {
            "type": "minecraft:replaceable"
          }
        ]
      },
      "allowed_search_condition": {
        "type": "minecraft:true"
      }
    }
  ]
}
