{
	"type": "minecraft:tree",
	"config": {
		"ignore_vines": true,
		"force_dirt": false,
		"minimum_size": {
			"type": "minecraft:two_layers_feature_size"
		},
		"dirt_provider": {
			"type": "minecraft:simple_state_provider",
			"state": {
				"Name": "minecraft:mud"
			}
		},
		"trunk_provider": {
			"type": "minecraft:simple_state_provider",
			"state": {
				"Name": "minecraft:warped_hyphae",
				"Properties": {
					"axis": "y"
				}
			}
		},
		"foliage_provider": {
			"type": "minecraft:simple_state_provider",
			"state": {
				"Name": "minecraft:verdant_froglight",
				"Properties": {
					"axis": "y"
				}
			}
		},
		"trunk_placer": {
			"type": "minecraft:cherry_trunk_placer",
			"base_height": 6,
			"height_rand_a": 4,
			"height_rand_b": 2,
			"branch_count": 2,
			"branch_horizontal_length": {
				"type": "minecraft:uniform",
				"value": {
					"min_inclusive": 2,
					"max_inclusive": 3
				}
			},
			"branch_start_offset_from_top": {
				"min_inclusive": -2,
				"max_inclusive": 0
			},
			"branch_end_offset_from_top": {
				"type": "minecraft:uniform",
				"value": {
					"min_inclusive": 0,
					"max_inclusive": 1
				}
			}
		},
		"foliage_placer": {
			"type": "minecraft:random_spread_foliage_placer",
			"radius": 2,
			"offset": 0,
			"foliage_height": 1,
			"leaf_placement_attempts": 100
		},
		"decorators": [
			{
				"type": "minecraft:leave_vine",
				"probability": 0.15
			}
		]
	}
}
