{
	"type": "minecraft:tree",
	"config": {
		"ignore_vines": true,
		"force_dirt": true,
		"minimum_size": {
			"type": "minecraft:two_layers_feature_size"
		},
		"dirt_provider": {
			"type": "minecraft:simple_state_provider",
			"state": {
				"Name": "minecraft:moss_block"
			}
		},
		"trunk_provider": {
			"type": "minecraft:simple_state_provider",
			"state": {
				"Name": "minecraft:moss_block"
			}
		},
		"foliage_provider": {
			"type": "minecraft:simple_state_provider",
			"state": {
				"Name": "minecraft:moss_block"
			}
		},
		"trunk_placer": {
			"type": "minecraft:straight_trunk_placer",
			"base_height": 4,
			"height_rand_a": 5,
			"height_rand_b": 3
		},
		"foliage_placer": {
			"type": "minecraft:random_spread_foliage_placer",
			"radius": 2,
			"offset": 0,
			"foliage_height": 2,
			"leaf_placement_attempts": 255
		},
		"decorators": [
			{
				"type": "minecraft:attached_to_leaves",
				"probability": 1,
				"exclusion_radius_xz": 0,
				"exclusion_radius_y": 0,
				"required_empty_blocks": 1,
				"block_provider": {
					"type": "minecraft:simple_state_provider",
					"state": {
						"Name": "minecraft:azalea_leaves",
						"Properties": {
							"distance": "7",
							"persistent": "true",
							"waterlogged": "true"
						}
					}
				},
				"directions": [
					"down"
				]
			},
			{
				"type": "minecraft:attached_to_leaves",
				"probability": 1,
				"exclusion_radius_xz": 0,
				"exclusion_radius_y": 0,
				"required_empty_blocks": 1,
				"block_provider": {
					"type": "minecraft:simple_state_provider",
					"state": {
						"Name": "minecraft:azalea_leaves",
						"Properties": {
							"distance": "7",
							"persistent": "true",
							"waterlogged": "true"
						}
					}
				},
				"directions": [
					"up"
				]
			},
			{
				"type": "minecraft:attached_to_leaves",
				"probability": 1,
				"exclusion_radius_xz": 0,
				"exclusion_radius_y": 0,
				"required_empty_blocks": 1,
				"block_provider": {
					"type": "minecraft:simple_state_provider",
					"state": {
						"Name": "minecraft:azalea_leaves",
						"Properties": {
							"distance": "7",
							"persistent": "true",
							"waterlogged": "true"
						}
					}
				},
				"directions": [
					"north"
				]
			},
			{
				"type": "minecraft:attached_to_leaves",
				"probability": 1,
				"exclusion_radius_xz": 0,
				"exclusion_radius_y": 0,
				"required_empty_blocks": 1,
				"block_provider": {
					"type": "minecraft:simple_state_provider",
					"state": {
						"Name": "minecraft:azalea_leaves",
						"Properties": {
							"distance": "7",
							"persistent": "true",
							"waterlogged": "true"
						}
					}
				},
				"directions": [
					"east"
				]
			},
			{
				"type": "minecraft:attached_to_leaves",
				"probability": 1,
				"exclusion_radius_xz": 0,
				"exclusion_radius_y": 0,
				"required_empty_blocks": 1,
				"block_provider": {
					"type": "minecraft:simple_state_provider",
					"state": {
						"Name": "minecraft:azalea_leaves",
						"Properties": {
							"distance": "7",
							"persistent": "true",
							"waterlogged": "true"
						}
					}
				},
				"directions": [
					"south"
				]
			},
			{
				"type": "minecraft:attached_to_leaves",
				"probability": 1,
				"exclusion_radius_xz": 0,
				"exclusion_radius_y": 0,
				"required_empty_blocks": 1,
				"block_provider": {
					"type": "minecraft:simple_state_provider",
					"state": {
						"Name": "minecraft:azalea_leaves",
						"Properties": {
							"distance": "7",
							"persistent": "true",
							"waterlogged": "true"
						}
					}
				},
				"directions": [
					"west"
				]
			}
		]
	}
}
