{
	"type": "minecraft:tree",
	"config": {
		"ignore_vines": true,
		"force_dirt": false,
		"minimum_size": {
			"type": "minecraft:two_layers_feature_size"
		},
		"dirt_provider": {
			"type": "minecraft:simple_state_provider",
			"state": {
				"Name": "minecraft:moss_block"
			}
		},
		"trunk_provider": {
			"type": "minecraft:simple_state_provider",
			"state": {
				"Name": "minecraft:slime_block"
			}
		},
		"foliage_provider": {
			"type": "minecraft:simple_state_provider",
			"state": {
				"Name": "minecraft:azalea_leaves",
				"Properties": {
					"distance": "7",
					"persistent": "true",
					"waterlogged": "true"
				}
			}
		},
		"root_placer": {
			"type": "minecraft:mangrove_root_placer",
			"root_provider": {
				"type": "minecraft:simple_state_provider",
				"state": {
					"Name": "minecraft:slime_block"
				}
			},
			"trunk_offset_y": 0,
			"above_root_placement": {
				"above_root_provider": {
					"type": "minecraft:simple_state_provider",
					"state": {
						"Name": "minecraft:slime_block"
					}
				},
				"above_root_placement_chance": 0.25
			},
			"mangrove_root_placement": {
				"max_root_width": 1,
				"max_root_length": 1,
				"random_skew_chance": 0,
				"can_grow_through": [
					"minecraft:air"
				],
				"muddy_roots_in": [
					"minecraft:moss_block"
				],
				"muddy_roots_provider": {
					"type": "minecraft:simple_state_provider",
					"state": {
						"Name": "minecraft:moss_block"
					}
				}
			}
		},
		"trunk_placer": {
			"type": "minecraft:straight_trunk_placer",
			"base_height": 6,
			"height_rand_a": 3,
			"height_rand_b": 1
		},
		"foliage_placer": {
			"type": "minecraft:blob_foliage_placer",
			"radius": 2,
			"offset": 0,
			"height": 3
		},
		"decorators": []
	}
}
