{
	"type": "minecraft:tree",
	"config": {
		"ignore_vines": true,
		"force_dirt": false,
		"minimum_size": {
			"type": "minecraft:two_layers_feature_size"
		},
		"dirt_provider": {
			"type": "minecraft:simple_state_provider",
			"state": {
				"Name": "minecraft:mud"
			}
		},
		"trunk_provider": {
			"type": "minecraft:weighted_state_provider",
			"entries": [
				{
					"weight": 2,
					"data": {
						"Name": "minecraft:mud"
					}
				},
				{
					"weight": 1,
					"data": {
						"Name": "minecraft:muddy_mangrove_roots"
					}
				}
			]
		},
		"foliage_provider": {
			"type": "minecraft:simple_state_provider",
			"state": {
				"Name": "minecraft:moss_block",
				"Properties": {
					"axis": "y"
				}
			}
		},
		"trunk_placer": {
			"type": "minecraft:straight_trunk_placer",
			"base_height": 1,
			"height_rand_a": 2,
			"height_rand_b": 2
		},
		"foliage_placer": {
			"type": "minecraft:random_spread_foliage_placer",
			"radius": 2,
			"offset": 0,
			"foliage_height": 1,
			"leaf_placement_attempts": 255
		},
		"decorators": [
			{
				"type": "minecraft:attached_to_leaves",
				"probability": 0.3,
				"exclusion_radius_xz": 0,
				"exclusion_radius_y": 0,
				"required_empty_blocks": 1,
				"block_provider": {
					"type": "minecraft:weighted_state_provider",
					"entries": [
						{
							"weight": 1,
							"data": {
								"Name": "minecraft:tall_grass",
								"Properties": {
									"half": "lower"
								}
							}
						},
						{
							"weight": 5,
							"data": {
								"Name": "minecraft:short_grass"
							}
						}
					]
				},
				"directions": [
					"up"
				]
			},
			{
				"type": "minecraft:attached_to_leaves",
				"probability": 1,
				"exclusion_radius_xz": 0,
				"exclusion_radius_y": 0,
				"required_empty_blocks": 1,
				"block_provider": {
					"type": "minecraft:weighted_state_provider",
					"entries": [
						{
							"weight": 2,
							"data": {
								"Name": "minecraft:mud"
							}
						},
						{
							"weight": 1,
							"data": {
								"Name": "minecraft:muddy_mangrove_roots",
								"Properties": {
									"axis": "y"
								}
							}
						}
					]
				},
				"directions": [
					"down"
				]
			}
		]
	}
}
