{
	"type": "minecraft:simple_block",
	"config": {
		"to_place": {
			"type": "minecraft:weighted_state_provider",
			"entries": [
				{
					"weight": 8,
					"data": {
						"Name": "minecraft:short_grass"
					}
				},
				{
					"weight": 15,
					"data": {
						"Name": "minecraft:fern"
					}
				},
				{
					"weight": 8,
					"data": {
						"Name": "minecraft:large_fern"
					}
				},
				{
					"weight": 5,
					"data": {
						"Name": "minecraft:dead_bush"
					}
				},
				{
					"weight": 2,
					"data": {
						"Name": "minecraft:brown_mushroom"
					}
				},
				{
					"weight": 2,
					"data": {
						"Name": "minecraft:red_mushroom"
					}
				}
			]
		}
	}
}
