{
  "type": "minecraft:random_selector",
  "config": {
    "features": [
      {
        "chance": 0.1428571428571429,
        "feature": {
          "feature": {
            "type": "minecraft:disk",
            "config": {
              "state_provider": {
                "fallback": {
                  "type": "minecraft:simple_state_provider",
                  "state": {
                    "Name": "minecraft:red_terracotta"
                  }
                },
                "rules": []
              },
              "target": {
                "type": "minecraft:matching_block_tag",
                "tag": "minecraft:base_stone_overworld"
              },
              "radius": 8,
              "half_height": 0
            }
          },
          "placement": []
        }
      },
      {
        "chance": 0.1428571428571429,
        "feature": {
          "feature": {
            "type": "minecraft:disk",
            "config": {
              "state_provider": {
                "fallback": {
                  "type": "minecraft:simple_state_provider",
                  "state": {
                    "Name": "minecraft:light_gray_terracotta"
                  }
                },
                "rules": []
              },
              "target": {
                "type": "minecraft:matching_block_tag",
                "tag": "minecraft:base_stone_overworld"
              },
              "radius": 8,
              "half_height": 0
            }
          },
          "placement": []
        }
      },
      {
        "chance": 0.1428571428571429,
        "feature": {
          "feature": {
            "type": "minecraft:disk",
            "config": {
              "state_provider": {
                "fallback": {
                  "type": "minecraft:simple_state_provider",
                  "state": {
                    "Name": "minecraft:white_terracotta"
                  }
                },
                "rules": []
              },
              "target": {
                "type": "minecraft:matching_block_tag",
                "tag": "minecraft:base_stone_overworld"
              },
              "radius": 8,
              "half_height": 0
            }
          },
          "placement": []
        }
      },
      {
        "chance": 0.1428571428571429,
        "feature": {
          "feature": {
            "type": "minecraft:disk",
            "config": {
              "state_provider": {
                "fallback": {
                  "type": "minecraft:simple_state_provider",
                  "state": {
                    "Name": "minecraft:yellow_terracotta"
                  }
                },
                "rules": []
              },
              "target": {
                "type": "minecraft:matching_block_tag",
                "tag": "minecraft:base_stone_overworld"
              },
              "radius": 8,
              "half_height": 0
            }
          },
          "placement": []
        }
      },
      {
        "chance": 0.1428571428571429,
        "feature": {
          "feature": {
            "type": "minecraft:disk",
            "config": {
              "state_provider": {
                "fallback": {
                  "type": "minecraft:simple_state_provider",
                  "state": {
                    "Name": "minecraft:orange_terracotta"
                  }
                },
                "rules": []
              },
              "target": {
                "type": "minecraft:matching_block_tag",
                "tag": "minecraft:base_stone_overworld"
              },
              "radius": 8,
              "half_height": 0
            }
          },
          "placement": []
        }
      },
      {
        "chance": 0.1428571428571429,
        "feature": {
          "feature": {
            "type": "minecraft:disk",
            "config": {
              "state_provider": {
                "fallback": {
                  "type": "minecraft:simple_state_provider",
                  "state": {
                    "Name": "minecraft:brown_terracotta"
                  }
                },
                "rules": []
              },
              "target": {
                "type": "minecraft:matching_block_tag",
                "tag": "minecraft:base_stone_overworld"
              },
              "radius": 8,
              "half_height": 0
            }
          },
          "placement": []
        }
      }
    ],
    "default": {
      "feature": {
        "type": "minecraft:disk",
        "config": {
          "state_provider": {
            "fallback": {
              "type": "minecraft:simple_state_provider",
              "state": {
                "Name": "minecraft:terracotta"
              }
            },
            "rules": []
          },
          "target": {
            "type": "minecraft:matching_block_tag",
            "tag": "minecraft:base_stone_overworld"
          },
          "radius": 8,
          "half_height": 0
        }
      },
      "placement": []
    }
  }
}
