{
  "feature": "biomesoplenty_complete:fungal_caves/wall_mushrooms",
  "placement": [
    {
      "type": "minecraft:count",
      "count": 250
    },
    {
      "type": "minecraft:in_square"
    },
    {
      "type": "minecraft:height_range",
      "height": {
        "type": "minecraft:uniform",
        "min_inclusive": {
          "above_bottom": 0
        },
        "max_inclusive": {
          "below_top": 0
        }
      }
    },
    {
      "type": "minecraft:surface_relative_threshold_filter",
      "heightmap": "OCEAN_FLOOR_WG",
      "max_inclusive": -13
    },
    {
      "type": "minecraft:block_predicate_filter",
      "predicate": {
        "type": "minecraft:all_of",
        "predicates": [
          {
            "type": "minecraft:matching_blocks",
            "offset": [
              0,
              1,
              0
            ],
            "blocks": "minecraft:air"
          },
          {
            "type": "minecraft:matching_blocks",
            "offset": [
              0,
              -1,
              0
            ],
            "blocks": "minecraft:air"
          },
          {
            "type": "minecraft:any_of",
            "predicates": [
              {
                "type": "minecraft:matching_block_tag",
                "offset": [
                  1,
                  0,
                  0
                ],
                "tag": "minecraft:base_stone_overworld"
              },
              {
                "type": "minecraft:matching_block_tag",
                "offset": [
                  -1,
                  0,
                  0
                ],
                "tag": "minecraft:base_stone_overworld"
              },
              {
                "type": "minecraft:matching_block_tag",
                "offset": [
                  0,
                  0,
                  1
                ],
                "tag": "minecraft:base_stone_overworld"
              },
              {
                "type": "minecraft:matching_block_tag",
                "offset": [
                  0,
                  0,
                  -1
                ],
                "tag": "minecraft:base_stone_overworld"
              }
            ]
          },
          {
            "type": "minecraft:any_of",
            "predicates": [
              {
                "type": "minecraft:matching_block_tag",
                "offset": [
                  1,
                  1,
                  0
                ],
                "tag": "minecraft:base_stone_overworld"
              },
              {
                "type": "minecraft:matching_block_tag",
                "offset": [
                  -1,
                  1,
                  0
                ],
                "tag": "minecraft:base_stone_overworld"
              },
              {
                "type": "minecraft:matching_block_tag",
                "offset": [
                  0,
                  1,
                  1
                ],
                "tag": "minecraft:base_stone_overworld"
              },
              {
                "type": "minecraft:matching_block_tag",
                "offset": [
                  0,
                  1,
                  -1
                ],
                "tag": "minecraft:base_stone_overworld"
              }
            ]
          }
        ]
      }
    }
  ]
}
