{
  "feature": {
    "type": "minecraft:ore",
    "config": {
      "size": 64,
      "discard_chance_on_air_exposure": 0,
      "targets": [
        {
          "target": {
            "predicate_type": "minecraft:tag_match",
            "tag": "minecraft:base_stone_overworld"
          },
          "state": {
            "Name": "minecraft:red_sandstone"
          }
        }
      ]
    }
  },
  "placement": [
    {
      "type": "minecraft:count",
      "count": 100
    },
    {
      "type": "minecraft:in_square"
    },
    {
      "type": "minecraft:height_range",
      "height": {
        "type": "minecraft:uniform",
        "min_inclusive": {
          "above_bottom": 0
        },
        "max_inclusive": {
          "below_top": 0
        }
      }
    },
    {
      "type": "minecraft:surface_relative_threshold_filter",
      "heightmap": "OCEAN_FLOOR_WG",
      "max_inclusive": -13
    },
    {
      "type": "minecraft:block_predicate_filter",
      "predicate": {
        "type": "minecraft:matching_blocks",
        "blocks": "minecraft:air"
      }
    }
  ]
}
