{
  "feature": "biomesoplenty_complete:mesa_caves/terracotta",
  "placement": [
    {
      "type": "minecraft:count",
      "count": 256
    },
    {
      "type": "minecraft:in_square"
    },
    {
      "type": "minecraft:height_range",
      "height": {
        "type": "minecraft:uniform",
        "min_inclusive": {
          "above_bottom": 0
        },
        "max_inclusive": {
          "below_top": 0
        }
      }
    },
    {
      "type": "minecraft:surface_relative_threshold_filter",
      "heightmap": "OCEAN_FLOOR_WG",
      "max_inclusive": -13
    },
    {
      "type": "minecraft:environment_scan",
      "direction_of_search": "down",
      "max_steps": 32,
      "target_condition": {
        "type": "minecraft:matching_block_tag",
        "tag": "minecraft:base_stone_overworld"
      },
      "allowed_search_condition": {
        "type": "minecraft:true"
      }
    }
  ]
}
