{
  "type": "minecraft:block_column",
  "config": {
    "direction": "down",
    "allowed_placement": {
      "type": "minecraft:matching_blocks",
      "blocks": "minecraft:cave_air"
    },
    "prioritize_tip": true,
    "layers": [
      {
        "height": {
          "type": "minecraft:uniform",
          "value": {
            "min_inclusive": 1,
            "max_inclusive": 10
          }
        },
        "provider": {
          "type": "minecraft:simple_state_provider",
          "state": {
            "Name": "minecraft:weeping_vines_plant"
          }
        }
      },
      {
        "height": 1,
        "provider": {
          "type": "minecraft:randomized_int_state_provider",
          "property": "age",
          "values": {
            "type": "minecraft:uniform",
            "value": {
              "min_inclusive": 18,
              "max_inclusive": 25
            }
          },
          "source": {
            "type": "minecraft:simple_state_provider",
            "state": {
              "Name": "minecraft:weeping_vines"
            }
          }
        }
      }
    ]
  }
}
