{
  "feature": "minecraft:mega_jungle_tree",
  "placement": [
    {
      "type": "minecraft:count",
      "count": 256
    },
    {
      "type": "minecraft:in_square"
    },
    {
      "type": "minecraft:height_range",
      "height": {
        "type": "minecraft:uniform",
        "min_inclusive": {
          "above_bottom": 0
        },
        "max_inclusive": {
          "below_top": 0
        }
      }
    },
    {
      "type": "minecraft:surface_relative_threshold_filter",
      "heightmap": "OCEAN_FLOOR_WG",
      "max_inclusive": -13
    },
    {
      "type": "minecraft:environment_scan",
      "direction_of_search": "down",
      "max_steps": 32,
      "target_condition": {
        "type": "minecraft:would_survive",
        "state": {
          "Name": "minecraft:jungle_sapling"
        }
      },
      "allowed_search_condition": {
        "type": "minecraft:matching_blocks",
        "blocks": "minecraft:air"
      }
    },
    {
      "type": "minecraft:block_predicate_filter",
      "predicate": {
        "type": "minecraft:all_of",
        "predicates": [
          {
            "type": "minecraft:matching_blocks",
            "offset": [
              0,
              1,
              0
            ],
            "blocks": "minecraft:air"
          },
          {
            "type": "minecraft:matching_blocks",
            "offset": [
              0,
              2,
              0
            ],
            "blocks": "minecraft:air"
          },
          {
            "type": "minecraft:matching_blocks",
            "offset": [
              0,
              3,
              0
            ],
            "blocks": "minecraft:air"
          },
          {
            "type": "minecraft:matching_blocks",
            "offset": [
              0,
              4,
              0
            ],
            "blocks": "minecraft:air"
          },
          {
            "type": "minecraft:matching_blocks",
            "offset": [
              0,
              5,
              0
            ],
            "blocks": "minecraft:air"
          },
          {
            "type": "minecraft:matching_blocks",
            "offset": [
              0,
              6,
              0
            ],
            "blocks": "minecraft:air"
          },
          {
            "type": "minecraft:matching_blocks",
            "offset": [
              0,
              7,
              0
            ],
            "blocks": "minecraft:air"
          },
          {
            "type": "minecraft:matching_blocks",
            "offset": [
              0,
              8,
              0
            ],
            "blocks": "minecraft:air"
          },
          {
            "type": "minecraft:matching_blocks",
            "offset": [
              0,
              9,
              0
            ],
            "blocks": "minecraft:air"
          },
          {
            "type": "minecraft:matching_blocks",
            "offset": [
              0,
              10,
              0
            ],
            "blocks": "minecraft:air"
          },
          {
            "type": "minecraft:matching_blocks",
            "offset": [
              0,
              11,
              0
            ],
            "blocks": "minecraft:air"
          },
          {
            "type": "minecraft:matching_blocks",
            "offset": [
              0,
              12,
              0
            ],
            "blocks": "minecraft:air"
          },
          {
            "type": "minecraft:matching_blocks",
            "offset": [
              0,
              13,
              0
            ],
            "blocks": "minecraft:air"
          },
          {
            "type": "minecraft:matching_blocks",
            "offset": [
              0,
              14,
              0
            ],
            "blocks": "minecraft:air"
          },
          {
            "type": "minecraft:matching_blocks",
            "offset": [
              0,
              15,
              0
            ],
            "blocks": "minecraft:air"
          },
          {
            "type": "minecraft:matching_blocks",
            "offset": [
              0,
              16,
              0
            ],
            "blocks": "minecraft:air"
          }
        ]
      }
    },
    {
      "type": "minecraft:random_offset",
      "xz_spread": 0,
      "y_spread": 16
    },
    {
      "type": "minecraft:block_predicate_filter",
      "predicate": {
        "type": "minecraft:all_of",
        "predicates": [
          {
            "type": "minecraft:matching_blocks",
            "offset": [
              0,
              1,
              0
            ],
            "blocks": "minecraft:air"
          },
          {
            "type": "minecraft:matching_blocks",
            "offset": [
              0,
              2,
              0
            ],
            "blocks": "minecraft:air"
          },
          {
            "type": "minecraft:matching_blocks",
            "offset": [
              0,
              3,
              0
            ],
            "blocks": "minecraft:air"
          },
          {
            "type": "minecraft:matching_blocks",
            "offset": [
              0,
              4,
              0
            ],
            "blocks": "minecraft:air"
          },
          {
            "type": "minecraft:matching_blocks",
            "offset": [
              0,
              5,
              0
            ],
            "blocks": "minecraft:air"
          },
          {
            "type": "minecraft:matching_blocks",
            "offset": [
              0,
              6,
              0
            ],
            "blocks": "minecraft:air"
          },
          {
            "type": "minecraft:matching_blocks",
            "offset": [
              0,
              7,
              0
            ],
            "blocks": "minecraft:air"
          },
          {
            "type": "minecraft:matching_blocks",
            "offset": [
              0,
              8,
              0
            ],
            "blocks": "minecraft:air"
          },
          {
            "type": "minecraft:matching_blocks",
            "offset": [
              0,
              9,
              0
            ],
            "blocks": "minecraft:air"
          },
          {
            "type": "minecraft:matching_blocks",
            "offset": [
              0,
              10,
              0
            ],
            "blocks": "minecraft:air"
          },
          {
            "type": "minecraft:matching_blocks",
            "offset": [
              0,
              11,
              0
            ],
            "blocks": "minecraft:air"
          },
          {
            "type": "minecraft:matching_blocks",
            "offset": [
              0,
              12,
              0
            ],
            "blocks": "minecraft:air"
          },
          {
            "type": "minecraft:matching_blocks",
            "offset": [
              0,
              13,
              0
            ],
            "blocks": "minecraft:air"
          },
          {
            "type": "minecraft:matching_blocks",
            "offset": [
              0,
              14,
              0
            ],
            "blocks": "minecraft:air"
          },
          {
            "type": "minecraft:matching_blocks",
            "offset": [
              0,
              15,
              0
            ],
            "blocks": "minecraft:air"
          },
          {
            "type": "minecraft:matching_blocks",
            "offset": [
              0,
              16,
              0
            ],
            "blocks": "minecraft:air"
          }
        ]
      }
    },
    {
      "type": "minecraft:random_offset",
      "xz_spread": 0,
      "y_spread": -16
    }
  ]
}
