{
  "feature": {
    "type": "minecraft:random_patch",
    "config": {
      "tries": 256,
      "xz_spread": 16,
      "y_spread": 8,
      "feature": {
        "feature": {
          "type": "minecraft:random_selector",
          "config": {
            "features": [
              {
                "chance": 0.33,
                "feature": {
                  "feature": {
                    "type": "minecraft:simple_block",
                    "config": {
                      "to_place": {
                        "type": "minecraft:simple_state_provider",
                        "state": {
                          "Name": "minecraft:fern"
                        }
                      }
                    }
                  },
                  "placement": []
                }
              }
            ],
            "default": {
              "feature": {
                "type": "minecraft:simple_block",
                "config": {
                  "to_place": {
                    "type": "minecraft:simple_state_provider",
                    "state": {
                      "Name": "minecraft:grass"
                    }
                  }
                }
              },
              "placement": []
            }
          }
        },
        "placement": [
          {
            "type": "minecraft:block_predicate_filter",
            "predicate": {
              "type": "minecraft:matching_blocks",
              "blocks": "minecraft:air"
            }
          }
        ]
      }
    }
  },
  "placement": [
    {
      "type": "minecraft:count",
      "count": 256
    },
    {
      "type": "minecraft:in_square"
    },
    {
      "type": "minecraft:height_range",
      "height": {
        "type": "minecraft:uniform",
        "min_inclusive": {
          "above_bottom": 0
        },
        "max_inclusive": {
          "below_top": 0
        }
      }
    },
    {
      "type": "minecraft:surface_relative_threshold_filter",
      "heightmap": "OCEAN_FLOOR_WG",
      "max_inclusive": -13
    }
  ]
}
