{
  "type": "minecraft:random_patch",
  "config": {
    "tries": 256,
    "xz_spread": 6,
    "y_spread": 6,
    "feature": {
      "feature": {
        "type": "minecraft:random_selector",
        "config": {
          "features": [
            {
              "chance": 0.5,
              "feature": {
                "feature": {
                  "type": "minecraft:block_column",
                  "config": {
                    "direction": "up",
                    "allowed_placement": {
                      "type": "minecraft:true"
                    },
                    "prioritize_tip": true,
                    "layers": [
                      {
                        "height": 1,
                        "provider": {
                          "type": "minecraft:simple_state_provider",
                          "state": {
                            "Name": "minecraft:tall_seagrass",
                            "Properties": {
                              "half": "lower"
                            }
                          }
                        }
                      },
                      {
                        "height": 1,
                        "provider": {
                          "type": "minecraft:simple_state_provider",
                          "state": {
                            "Name": "minecraft:tall_seagrass",
                            "Properties": {
                              "half": "upper"
                            }
                          }
                        }
                      }
                    ]
                  }
                },
                "placement": [
                  {
                    "type": "minecraft:block_predicate_filter",
                    "predicate": {
                      "type": "minecraft:all_of",
                      "predicates": [
                        {
                          "type": "minecraft:matching_blocks",
                          "offset": [
                            0,
                            1,
                            0
                          ],
                          "blocks": "minecraft:water"
                        },
                        {
                          "type": "minecraft:matching_blocks",
                          "blocks": "minecraft:water"
                        }
                      ]
                    }
                  }
                ]
              }
            }
          ],
          "default": {
            "feature": {
              "type": "minecraft:simple_block",
              "config": {
                "to_place": {
                  "type": "minecraft:simple_state_provider",
                  "state": {
                    "Name": "minecraft:seagrass"
                  }
                }
              }
            },
            "placement": [
              {
                "type": "minecraft:block_predicate_filter",
                "predicate": {
                  "type": "minecraft:matching_blocks",
                  "blocks": "minecraft:water"
                }
              }
            ]
          }
        }
      },
      "placement": [
        {
          "type": "minecraft:block_predicate_filter",
          "predicate": {
            "type": "minecraft:would_survive",
            "state": {
              "Name": "minecraft:seagrass"
            }
          }
        }
      ]
    }
  }
}
