{
	"temperature": 2,
	"downfall": 0,
	"has_precipitation": false,
	"effects": {
		"sky_color": 8870956,
		"fog_color": 13464130,
		"water_color": 7039851,
		"water_fog_color": 3552822,
		"grass_color": 7039851,
		"foliage_color": 7039851,
		"grass_color_modifier": "none",
		"ambient_sound": "minecraft:ambient.basalt_deltas.loop",
		"mood_sound": {
			"sound": "minecraft:ambient.basalt_deltas.mood",
			"tick_delay": 6000,
			"block_search_extent": 8,
			"offset": 2
		},
		"additions_sound": {
			"sound": "minecraft:ambient.basalt_deltas.additions",
			"tick_chance": 0.0111
		},
		"music": {
			"sound": "minecraft:music.overworld.dripstone_caves",
			"min_delay": 12000,
			"max_delay": 24000,
			"replace_current_music": false
		},
		"particle": {
			"options": {
				"type": "minecraft:white_ash"
			},
			"probability": 0.118093334
		}
	},
	"spawners": {
		"ambient": [],
		"axolotls": [],
		"creature": [],
		"misc": [],
		"monster": [
			{
				"type": "minecraft:spider",
				"weight": 100,
				"minCount": 4,
				"maxCount": 4
			},
			{
				"type": "minecraft:zombie",
				"weight": 95,
				"minCount": 4,
				"maxCount": 4
			},
			{
				"type": "minecraft:zombie_villager",
				"weight": 5,
				"minCount": 1,
				"maxCount": 1
			},
			{
				"type": "minecraft:skeleton",
				"weight": 100,
				"minCount": 4,
				"maxCount": 4
			},
			{
				"type": "minecraft:creeper",
				"weight": 100,
				"minCount": 4,
				"maxCount": 4
			},
			{
				"type": "minecraft:wither_skeleton",
				"weight": 50,
				"minCount": 2,
				"maxCount": 3
			}
		],
		"underground_water_creature": [
			{
				"type": "minecraft:glow_squid",
				"weight": 10,
				"minCount": 4,
				"maxCount": 6
			}
		],
		"water_ambient": [],
		"water_creature": []
	},
	"spawn_costs": {},
	"carvers": {
		"air": [
			"minecraft:cave",
			"minecraft:cave_extra_underground",
			"minecraft:canyon",
			"cavernous:sinkhole",
			"cavernous:snaking_ravine",
			"cavernous:flat_cave",
			"cavernous:flat_ravine"
		]
	},
	"features": [
		[
			"cavernous:generic/remove_lava/-64"
		],
		[
			"minecraft:lake_lava_underground"
		],
		[
			"minecraft:amethyst_geode",
			"cavernous:generic/big_geode"
		],
		[],
		[],
		[],
		[
			"cavernous:biomes/thermal/volcanic/splotch_placer"
		],
		[
			"cavernous:generic/ores/coal",
			"cavernous:generic/ores/copper",
			"cavernous:generic/ores/diamond",
			"cavernous:generic/ores/gold",
			"cavernous:generic/ores/gold_buried",
			"cavernous:generic/ores/iron_middle",
			"cavernous:generic/ores/iron_small",
			"cavernous:generic/ores/lapis",
			"cavernous:generic/ores/lapis_buried",
			"cavernous:generic/ores/redstone",
			"cavernous:generic/ores/redstone_lower",
			"cavernous:biomes/thermal/volcanic/ore_diamond_extra",
			"cavernous:biomes/thermal/volcanic/ore_coal_block"
		],
		[
			"cavernous:generic/ores/special/treasure",
			"cavernous:generic/ores/special/gold_chunk",
			"cavernous:generic/ores/special/copper_chunk"
		],
		[
			
			"cavernous:biomes/thermal/volcanic/basalt_patch",
			"cavernous:biomes/thermal/volcanic/scorched_tree",
			"minecraft:glow_lichen"
		],
		[
			"minecraft:freeze_top_layer",
			"cavernous:generic/gem_tree",
			"cavernous:generic/leviathan"
		]
	]
}
